URL,Description
https://soundcloud.com/rampue/live-at-bachstelzen-fusion,none
https://soundcloud.com/miyagi/miyagi-kalliope-burning-man-2016,none
https://soundcloud.com/satorimusica/satori-liveset-2016-fusion-export-v2,none
https://soundcloud.com/allefarben/alle-farben-fusion-secret-gig,none
https://soundcloud.com/goldcap/the-goldcast-048-nov-27-2020-sabo-goldcap-live-desert-sunrise-2020,none
https://soundcloud.com/elmundomusicpage/el-mundo-zazou-live-sonnendeck-fusion-festival-2019,none
https://soundcloud.com/jonassaalbach/jonas-saalbach-live-set-fusion-festival-2019-sonnendeck,none
https://soundcloud.com/katermukke/dirty-doering-fusion-bachstelzen-mix-2014,none
https://soundcloud.com/mira_chris/mira-chris-fusion-2016-bachstelzen,none
https://soundcloud.com/lexer/lexer-fusion-30-06-2013,none
https://soundcloud.com/miyagi/miyagi-the-kazbah-burning-man-2014,none
https://soundcloud.com/bardmyway/sabo-goldcap-live-at-the-kazbah,none
https://soundcloud.com/rkjvk/rey-kjavik-the-kazbah-burning-man-2016-recording,none
https://soundcloud.com/miyagi/miyagi-kazbah-burning-man-2016-sunrise-set,none
https://soundcloud.com/birds-of-mind/birds-of-mind-rumors-london-x-boneca-1st-february-2020,none
https://soundcloud.com/dreamcultureofficial/orient-art-podcast-31-birds-of-mind,none
https://soundcloud.com/township-rebellion/fusion-festival-2018,none
https://soundcloud.com/doobdoob/doob-janoma-im-treibsand-sisyphos-beach-opening,none
https://soundcloud.com/djsabo/tulum-come-down-ii,none
https://soundcloud.com/thekazbah/sabo-goldcap-live-at-the-kazbah-part-1of2-burning-man-2019,none
https://soundcloud.com/thekazbah/sabo-goldcap-at-the-kazbah-burning-man-2018,none
https://soundcloud.com/shuffle/late-autumn-1,Perfect for concentrated work
https://soundcloud.com/besvendsen/be-svendsen-sunrise-live-set-envision-festival-costa-rica-2020,none
https://soundcloud.com/frangiparis/frangi-burning,none
https://soundcloud.com/acidpauli/dancing-dommune,none
https://soundcloud.com/acidpauli/trans-belgrad-express,none
https://soundcloud.com/kater_blau/katercast-nr-19-mit-coss,none
